name,count
Анастасия,236
Екатерина,173
Елена,171
Мария,169
Татьяна,156
Наталья,150
Дарья,131
Ольга,129
Анна,129
Юлия,122
Ирина,120
Марина,107
Светлана,105
Полина,94
Ксения,89
Александра,77
Елизавета,69
Кристина,69
Аня,68
Людмила,64
Алёна,63
Настя,61
Катя,57
Виктория,55
Алина,52
Евгения,49
Арина,49
Яна,46
Надежда,44
Галина,42
Вероника,40
Даша,39
Оксана,38
Любовь,37
Софья,36
Алиса,35
Валерия,34
Маша,33
Лиза,33
Соня,32
Валентина,32
Карина,31
Диана,31
Вера,31
Катерина,31
Лена,29
Ксюша,28
Нина,28
Лариса,27
Юля,25
Оля,25
София,22
Алена,22
Ульяна,21
Маргарита,21
Таня,21
Лера,21
Саша,20
Вика,20
Наталия,19
Наташа,17
Ангелина,17
Варвара,16
Света,16
Олеся,16
Кира,15
Лидия,12
Варя,11
Анжелика,11
Эльвира,11
Лилия,10
Инна,10
Тамара,10
Ева,10
Милана,10
Эвелина,9
Влада,9
Ника,9
Анюта,8
Антонина,8
Зинаида,8
Элина,8
Дарина,8
Надя,8
Злата,8
Люба,7
Алевтина,7
Виолетта,7
Anna,7
Поля,7
Лина,7
Elena,6
Милена,6
Танюшка,6
Регина,6
Жанна,6
Альбина,6
Polina,6
Marina,6
Дина,6
Женя,5
Катюша,5
Алсу,5
Лиля,5
Алла,5
Ekaterina,5
Olga,5
Alina,5
Alena,5
Sonya,5
Катюшка,5
Венера,5
Алеся,5
Алёнка,5
Sofia,5
Марианна,4
Сабина,4
Дана,4
Настенька,4
Диляра,4
Альфия,4
Мира,4
Снежана,4
Роза,4
Софа,4
Daria,4
Раиса,4
Эмма,4
Василиса,4
Владислава,4
Камилла,4
Анжела,4
Irina,4
Anastasia,4
Римма,4
Гуля,4
No,4
Ash,3
Анютка,3
Руслан,3
Машуля,3
Lisa,3
Julia,3
Рената,3
Клавдия,3
Майя,3
Леся,3
Гульнара,3
Лия,3
Мадина,3
Ира,3
Маришка,3
Дизи,3
Kseniya,3
Эля,3
Лада,3
Виталина,3
Машка,3
Оленька,3
Яночка,3
Любашка,3
Zlata,3
Diana,3
Миланика,3
Дария,3
Kristina,3
Elizaveta,3
Иришка,3
Vika,3
Влад,3
Максим,3
Dasha,3
Александр,3
Таисия,3
Гульназ,3
Yana,3
Айгуль,3
Ксюшка,3
Юленька,3
Maria,3
Фаина,3
Ksenia,3
Олечка,3
Богдана,2
Kawthar,2
Лана,2
Стелла,2
Ираида,2
Алечка,2
Ксюня,2
Yulia,2
Natasha,2
Валя,2
Дания,2
Николай,2
Ильмира,2
Мила,2
Yu,2
Настёна,2
Ани,2
Miery,2
Леночка,2
Aleksandra,2
Эльмира,2
Lana,2
Мия,2
Рита,2
Эмилия,2
Таисья,2
Nastenkare,2
Элиза,2
Vera,2
Тая,2
Akuma,2
Алёночка,2
Лида,2
Аленушка,2
Элли,2
Алия,2
Anya,2
Masha,2
Матвей,2
Динара,2
Eimeri,2
Луиза,2
Зоя,2
Наденька,2
Ярослава,2
Лейсан,2
Юлиана,2
Натали,2
Karina,2
Valeriia,2
Sevinch,2
Лола,2
Heartless,2
Лика,2
Наташка,2
Эльза,2
Катенька,2
Иван,2
Этери,2
Nastya,2
Надюшка,2
Katerina,2
Tatyana,2
Дмитрий,2
Olya,2
Люда,2
Di,2
Оксаночка,2
Rose,2
Мирослава,2
Полинка,2
Василина,2
Евдокия,2
Ася,2
Inna,2
Люся,2
Настюша,2
Angelina,2
Андрей,2
Владимир,2
Люция,2
Katya,2
Вероничка,2
Уля,2
Настюшка,2
Ulyana,2
Иванна,2
Денис,2
Натусик,2
Поллианна,2
Aliya,2
Svetlana,2
Арианна,2
Илона,2
Твоя,1
Meow,1
Иделия,1
死ぬため,1
Ri,1
Alevtina,1
リサ,1
Хилола,1
Аполя,1
Але,1
Weock,1
Sonechka,1
Why,1
Mery,1
Галя,1
Викторова,1
Алекс:)александра,1
Колбаса,1
Rostislav,1
Тина,1
Таскира,1
Танюша,1
Алёнчик,1
Волкова,1
Сильвия,1
Olyasha,1
Юлдуз,1
Париноз,1
Лариса-Петровна,1
Полечка,1
Анюсик,1
Белоусова,1
Ната,1
Агата,1
Геля,1
Янчик,1
Milana,1
Аэлита,1
Victoriz,1
Слава,1
Viktoriya,1
أبوليناريا,1
Гонча,1
Tamara,1
Гулия,1
Sofya,1
Милен,1
Тата,1
Настёнка,1
Valerie,1
Нинель,1
Pain,1
Мальвина,1
Darina,1
Ильвина,1
Galina,1
Нести,1
Антонина-Александровна,1
Камила,1
Равшан,1
Крис,1
Катеринка,1
Чел,1
Vasilina,1
恐惧,1
Раяна,1
Анхимович,1
Эллина,1
Зарина,1
Нечего,1
Фая,1
Эрика,1
Аделия,1
Abbasova,1
Сядейко,1
Леруша,1
Min,1
Мариша,1
Гаяне,1
Христина,1
Natusik,1
Рая,1
Гунда,1
Мари,1
Даниил,1
Bello,1
Малыгина,1
Веечка,1
Just,1
Ириска,1
Сабрина,1
Полиночка,1
Фурман,1
Ксюшечка,1
Милка,1
Sweet,1
Alexandra,1
Настик,1
Светка,1
Thanh,1
Olesia,1
Chichen,1
Elmira,1
Светланка,1
Nailya,1
Верона,1
Галия,1
Ludmila,1
Юния,1
Аришка,1
よし,1
Sveta,1
Herrmann,1
Луна,1
Лумис,1
Лизаветка,1
Karine,1
Alexa,1
Vidia,1
Сара,1
Юми,1
Норвежский,1
Hell,1
해변에서,1
Филиппа,1
Любимая,1
Lianell,1
Элла,1
Shraddha,1
Клара,1
Люлька,1
Даня,1
Инга,1
Сева,1
Eva,1
Санечка,1
Уиллоу,1
Вера-Иосифовна,1
Кристинка,1
Люсенька,1
Tsn,1
Самалини,1
Энже,1
Myalitsina,1
Сана,1
Арыя,1
Карен,1
Svi,1
公墓,1
Каролина,1
Иринка,1
Yes,1
Софочка,1
Кузнецова,1
Gheorghe,1
Miroslava,1
Сонечка,1
Настюха,1
キラ,1
Курбанкиз,1
Безчувственная,1
Тася,1
Олесенька,1
Albina,1
Маня,1
Радка,1
Просто,1
Vary,1
Роксана,1
Алекса,1
Юляшка,1
Аза,1
Айганым,1
Gunjan,1
Damina,1
Офелия,1
Манка,1
Ромашшова,1
Ностя,1
Олег,1
Юлька,1
Картюшка,1
Mersina,1
Ежик,1
Винокурова,1
Angelus,1
Евгеша,1
Jie-Qiong,1
Елисавета,1
Баярма,1
Gracie,1
Лерочка,1
Choygana,1
Elina,1
Джулия,1
가치-없는,1
Амелия,1
Li,1
Liya,1
Arina,1
Нигина,1
리서,1
Alla,1
Akil,1
Новая,1
Yara,1
Eugene,1
Ravilya,1
Инесса,1
Попова,1
Гульсира,1
Асия,1
Valeria,1
Yuri,1
Татьянка,1
Олька,1
Зульфина,1
Nightmare,1
Иоланта,1
Oyuna,1
Люси,1
بولين,1
Hagisa,1
د.,1
Juliana,1
Tanya,1
Zhanna,1
Мотырева,1
Турайна,1
Элизабет,1
Наиля,1
Kanyan,1
Капитолина,1
Айтурган,1
Есения,1
Sasha,1
Людвиг,1
Ann,1
Анастасия-Михайловна,1
Milisa,1
Зарнигор,1
Стефания,1
Нюра,1
Даниела,1
Настеныш,1
Пан,1
Лениза,1
Larissa,1
Manya,1
Хадижат,1
Гулнара,1
Lyubov,1
Михаил,1
Elen,1
Evil,1
Пеша,1
Lili,1
Dark,1
Ильяна,1
Тома,1
Айгун,1
Ksu,1
Ада,1
Меган,1
Ленчик,1
Кетеван,1
Лиса,1
Flower,1
Райся,1
Мелисса,1
Dyydfu,1
Ляйсан,1
Selene,1
Фатима,1
Sonchk,1
Лизаа,1
Jana,1
Pallavi,1
Lo,1
Аполлинария,1
Violetta,1
Αлина,1
Маленький,1
Darya,1
Веста,1
Мелли,1
Hande,1
Дашуля,1
Evgenia,1
Кирочка,1
Ангелинка,1
Инжира,1
'chaelitte',1
Иоанна,1
Неля,1
Ликовета,1
Rina,1
Юйин,1
Karrie,1
Арбуз,1
Strawberry,1
Evgeniya,1
Юсик,1
Карине,1
Ангел,1
Rufina,1
Nsy,1
Asli,1
Зоечка,1
Катрина,1
Дашутка,1
Натуся,1
Tanushka,1
Диля,1
Нурия,1
Млада,1
Moon,1
Ариночка,1
Лизавета,1
Патрисия,1
Эмина,1
Malis,1
Катрин,1
Аленка,1
Ли,1
Сашенька,1
Альфина,1
Anjali,1
Zina,1
Залина,1
Tina,1
Ирада,1
Vlada,1
Ju,1
Кирилл,1
‘’bimbo,1
Your,1
Русь,1
Snezhana,1
Анжелочка,1
Машенька,1
Yanochka,1
Пирогова,1
Стю,1
Артур,1
Алира,1
Qw,1
驚くべき,1
Бебе,1
Тальяна,1
Dinosaur,1
Violet,1
‘miller,1
Ta,1
Прохор,1
Евик,1
Малика,1
Никита,1
Рузана,1
Raduga,1
Фания,1
نايك,1
Неизвесный,1
Sofa,1
Ксюха,1
Любочка,1
Regina,1
Сережа,1
Helen,1
Chanzhuang,1
Ewa,1
Дани,1
Mishka,1
Annariel,1
Викуся,1
Emma,1
Даяна,1
Данил,1
Alanis,1
Машечка,1
Феня,1
Халида,1
Азизочка,1
Магдалина,1
Ярославна,1
Лизочка,1
Unna,1
Гульдар,1
Октябрина,1
Вилфи,1
Billy,1
Наська,1
バイオレット,1
Нинуля,1
Розалия,1
Галина-Геннадьевна,1
Мадиночка,1
Ритсу,1
Гузаля,1
Ариша,1
Irkine,1
Гурова,1
Любава,1
Илья,1
Катюнечка,1
Agnia,1
Olyusha,1
Лолита,1
Карнюк,1
Женечка,1
Ленуся,1
Maya,1
Qwe,1
Ирина',1
Nairath,1
Иришенька,1
Дара,1
Wildberries,1
Рейна,1
Сали,1
Лусия,1
Sabina,1
Bringet,1
Норжима,1
Marishka,1
Радуга,1
Гульфира,1
Резида,1
Nadia,1
Людвик,1
Яя,1
Полишка,1
Альмира,1
Anastassia,1
Сонька,1
Зоряна,1
Юлечка,1
Sabrina,1
Кацуки,1
クシュシャ,1
