name,count,sex
Александр,306,male
Сергей,200,male
Андрей,193,male
Алексей,192,male
Дмитрий,183,male
Михаил,143,male
Максим,123,male
Никита,119,male
Евгений,98,male
Иван,95,male
Илья,95,male
Владимир,89,male
Кирилл,82,male
Константин,79,male
Денис,70,male
Игорь,67,male
Артём,66,male
Егор,64,male
Павел,62,male
Роман,61,male
Данил,59,male
Даниил,58,male
Антон,53,male
Олег,52,male
Дима,51,male
Николай,49,male
Матвей,46,male
Виталий,46,male
Виктор,45,male
Артем,44,male
Миша,44,male
Юрий,43,male
Влад,41,male
Владислав,40,male
Арсений,30,male
Макс,28,male
Ваня,27,male
Саша,27,male
Вячеслав,27,male
Анатолий,26,male
Руслан,24,male
Ярослав,24,male
Тимофей,24,male
Марк,24,male
Вадим,23,male
Степан,20,male
Костя,19,male
Рома,19,male
Георгий,19,male
Станислав,19,male
Василий,19,male
Даня,17,male
Григорий,17,male
Женя,16,male
Леонид,16,male
Глеб,16,male
Валерий,15,male
Вова,14,male
Тёма,14,male
Стас,14,male
Семён,13,male
Тимур,13,male
Слава,13,male
Богдан,11,male
Лев,11,male
Эдуард,11,male
Серега,10,male
Савелий,10,male
Паша,10,male
Denis,10,male
Артур,10,male
Борис,9,male
Макар,8,male
Вася,8,male
Фёдор,8,male
Юра,8,male
Семен,8,male
Валентин,8,male
Саня,8,male
No,8,male
Серёжа,7,male
Платон,7,male
Мишаня,7,male
Артемий,7,male
Геннадий,7,male
Яков,7,male
Коля,7,male
Альберт,7,male
Петр,6,male
Данила,6,male
Витя,6,male
Гриша,6,male
Федор,6,male
Ян,6,male
Валера,6,male
Захар,6,male
Andrey,6,male
Dima,6,male
Давид,6,male
Стёпа,5,male
Родион,5,male
Гоша,5,male
Nikita,5,male
Дамир,5,male
Ярик,5,male
Леха,5,male
Марат,5,male
Egor,5,male
Мансур,5,male
Pavel,5,male
Vladislav,5,male
Герман,5,male
Тим,4,male
Artem,4,male
Alex,4,male
Аркадий,4,male
Толя,4,male
Мирон,4,male
Игнат,4,male
Эдик,4,male
Димон,4,male
Aleksandr,4,male
Алекс,4,male
Alexander,4,male
Сева,4,male
Виталик,4,male
Roman,4,male
Max,4,male
Всеволод,4,male
Ринат,4,male
София,3,male
Тима,3,male
Пётр,3,male
Демид,3,male
Анастасия,3,male
Демьян,3,male
Марсель,3,male
Фифайн,3,male
Серёга,3,male
Senior,3,male
Oleg,3,male
Лука,3,male
Оалала,3,male
Danil,3,male
Радмир,3,male
Sergey,3,male
Dmitry,3,male
Ahmad,3,male
Оганес,3,male
Фанни,3,male
Айдар,3,male
Володя,3,male
Петя,3,male
Ильнур,3,male
Елисей,3,male
Степа,3,male
Вадик,3,male
Акакий,3,male
Али,3,male
Рустам,3,male
Ruslan,3,male
Инору,2,male
Малик,2,male
Traiser,2,male
Ибрагим,2,male
Robıe,2,male
Алина,2,male
Den,2,male
Peter,2,male
Daler,2,male
Эня,2,male
Санек,2,male
Гарик,2,male
Sergei,2,male
Reshat,2,male
アレクサンダー,2,male
Detailing,2,male
Тема,2,male
Елена,2,male
Ильшат,2,male
Kler,2,male
Bobur,2,male
Толян,2,male
Faromuz,2,male
'eternal,2,male
Сава,2,male
Колян,2,male
Диса,2,male
Antoha,2,male
Филипп,2,male
Matvei,2,male
Vlad,2,male
Алиса,2,male
Камиль,2,male
The,2,male
Fatal,2,male
Аня,2,male
Жора,2,male
Райан,2,male
Сухроб,2,male
Самат,2,male
Arkadiy,2,male
Федя,2,male
Сежа,2,male
Ренат,2,male
Ivan,2,male
Владик,2,male
Saiko,2,male
Лёха,2,male
Данилка,2,male
Александра,2,male
Милана,2,male
Лёша,2,male
Danya,2,male
Pasha,2,male
Эльвин,2,male
Сережа,2,male
Mohamed,2,male
Максимка,2,male
Славик,2,male
Карим,2,male
Yuri,2,male
Навруз,2,male
Lev,2,male
Атемка,2,male
Nikolay,2,male
Рауф,2,male
Карен,2,male
Костян,2,male
Динар,2,male
Святослав,2,male
Ильдар,2,male
Yaroslav,2,male
Seva,2,male
Igor,2,male
Гена,2,male
Mo,2,male
Yaman,2,male
Лёня,2,male
Mikhail,2,male
Арсен,2,male
Митя,1,male
Сана,1,male
Рахимов,1,male
Раиль,1,male
Бородатый,1,male
Аброр,1,male
Данир,1,male
Бенджамин,1,male
Муслим,1,male
Пасынков,1,male
Sergej,1,male
Эво,1,male
Прадед,1,male
Aza,1,male
Сохибжон,1,male
Ова,1,male
Габриел,1,male
Maksim,1,male
Stepan,1,male
Алессандро,1,male
Jesse,1,male
Кимаил,1,male
Джузо,1,male
Tpznxk,1,male
Daniel,1,male
Crud,1,male
Союз,1,male
Jesus,1,male
Ширин,1,male
Domenicco,1,male
Антонио,1,male
Юлия,1,male
Некит,1,male
Нигматянов,1,male
Дофламинго,1,male
Eugene,1,male
Айнур,1,male
Валижон,1,male
Абдул,1,male
Исайя,1,male
Pawwwty,1,male
Юрик,1,male
Горец,1,male
Dmitriy,1,male
Naomi,1,male
Рахматов-Рамзес,1,male
Anthony,1,male
Вильдан,1,male
Серафим,1,male
Суьюнбек,1,male
Патап,1,male
Amir,1,male
Игорьюрьевич,1,male
Jan,1,male
Рыбка,1,male
Colizeum,1,male
Georgy,1,male
Ильгам,1,male
Порубов,1,male
Шухрат,1,male
Маради,1,male
Матвейка,1,male
Den-Melnic,1,male
Samson,1,male
Ванюха,1,male
Варя,1,male
User,1,male
Slava,1,male
Мирослав,1,male
Wakasa,1,male
Мищихин,1,male
Omran,1,male
Эржан,1,male
Чингис,1,male
Белял,1,male
Зинат,1,male
Tolkachev,1,male
Ebrahim,1,male
Killua,1,male
Aleks,1,male
Новиков,1,male
Анна,1,male
Kim,1,male
Финик,1,male
Таня,1,male
Murad,1,male
Рамазан,1,male
Арсень,1,male
Бектур,1,male
Lenar,1,male
Магомед,1,male
Valey,1,male
Нож,1,male
Шнепов,1,male
Владос,1,male
Leva,1,male
Нурмахмад,1,male
Leo,1,male
Meng,1,male
Инна,1,male
Усмон,1,male
Милена,1,male
Pèrfect,1,male
Bogdan,1,male
Назиль,1,male
Vyacheslav,1,male
Gasilov,1,male
Савва,1,male
Лукьян,1,male
Tyrant,1,male
Rrrr,1,male
Аниз,1,male
Mimimamamu,1,male
Niki,1,male
Аюш,1,male
Азат,1,male
Айрат,1,male
Господин,1,male
Rohit,1,male
Рузи,1,male
Ajax,1,male
Рафис,1,male
Кристина,1,male
Некто,1,male
Саргей,1,male
Никаких,1,male
Rahmatulo,1,male
Аслан,1,male
Волков,1,male
Muhammadusuf,1,male
Prived,1,male
Леван,1,male
Атоулло,1,male
Нурлан,1,male
Амбарцум-Геворгович,1,male
Алибек,1,male
Аргирис,1,male
Токтаев,1,male
Гутя,1,male
Yan,1,male
Marsthon,1,male
Мефистофель,1,male
John,1,male
Gilbert,1,male
Мотя,1,male
Искандер,1,male
Тимоха,1,male
Дилан,1,male
Эдмонд,1,male
Spector,1,male
Мыши,1,male
Kaeya,1,male
Timur,1,male
Вихарев,1,male
محمد-كريم,1,male
Polina,1,male
Serpentarius,1,male
Гулистан,1,male
Askat,1,male
Антошка,1,male
Айр,1,male
Аташ,1,male
Джей,1,male
Абду,1,male
Санко,1,male
Исаев,1,male
Nate,1,male
Маттиа,1,male
Даврон,1,male
Заур,1,male
Dimedroll,1,male
Валериан,1,male
Ербол,1,male
Bore,1,male
Епифаний,1,male
Артм,1,male
Calvn,1,male
Valery,1,male
Музей-Истории,1,male
Бенедикт,1,male
Marcelo-Patricio,1,male
Вовчик,1,male
Alecsander,1,male
Разиф,1,male
Dinar,1,male
Amin,1,male
Братишка,1,male
Aleksei,1,male
Кира,1,male
Erast,1,male
Нурулло,1,male
Хуршид,1,male
Никитос,1,male
Небань,1,male
Санька,1,male
Армен,1,male
Радик,1,male
Данечка,1,male
Deep,1,male
Бам,1,male
Сеня,1,male
Nobody,1,male
Баев,1,male
Элайджа,1,male
Зимовий,1,male
Firecracker,1,male
Тимошка,1,male
Богдушка,1,male
Сириус,1,male
Вататцуми,1,male
Ham,1,male
Варенька,1,male
Azimov,1,male
Svyatoslav,1,male
Остапон,1,male
Бурҳониддин,1,male
Саша-Белый,1,male
Hussain,1,male
Салим,1,male
Us,1,male
Yuu,1,male
Mansur,1,male
Arseny,1,male
Ilya,1,male
Авторынок,1,male
Святогор,1,male
Хазан,1,male
Смоки,1,male
Rasul,1,male
Markus,1,male
Талабшо,1,male
ステパン・,1,male
Эмиль,1,male
Ed,1,male
Сирена,1,male
Xam,1,male
Johan Sebastian,1,male
Nasimjon,1,male
Джони,1,male
Fuzayl,1,male
Yashin,1,male
Нарис,1,male
Ранис,1,male
Alisher,1,male
Жиган,1,male
Низами,1,male
Называй-Меня,1,male
Мухаммад,1,male
Evgenii,1,male
Gashaija,1,male
Chanyeol,1,male
Вусал,1,male
Флорит,1,male
Zeal,1,male
ダネチカ,1,male
Не,1,male
Ahmed,1,male
Анар,1,male
Матфей,1,male
Perm,1,male
Лебедев,1,male
Nikolas,1,male
Рак,1,male
Тамази,1,male
Алишер,1,male
Рост,1,male
Mika,1,male
Тойлы,1,male
Ded,1,male
Dorogo,1,male
Никитоз,1,male
Носиржон,1,male
Anton,1,male
Арье,1,male
Максим-Александрович,1,male
Плаксин,1,male
Sweizy,1,male
Yi-Jun,1,male
Зураб,1,male
Гарник,1,male
Джумабой,1,male
Jimin,1,male
Jin,1,male
Someone,1,male
Букреев,1,male
Ваниль,1,male
Но,1,male
Жимолость,1,male
Popolzen,1,male
Ерик,1,male
Генри,1,male
Leon,1,male
ダニール,1,male
Happy,1,male
Яне,1,male
Μаксим,1,male
Поликарп,1,male
Choukri,1,male
Raman,1,male
Салават,1,male
Forsi,1,male
Данис,1,male
Philip,1,male
Валик,1,male
Haijun,1,male
Youssef,1,male
Рас,1,male
Sanyok,1,male
Дениска,1,male
Fanny,1,male
Алмаз,1,male
Komiljon,1,male
David,1,male
Serge,1,male
Baunty,1,male
Очир,1,male
Wiseman,1,male
Светозар,1,male
Artur,1,male
Gary,1,male
Ильназ,1,male
Sin,1,male
Нуржан,1,male
Чай,1,male
Зайцев,1,male
Alarm,1,male
El-Pádre,1,male
Nomer,1,male
Himanshu,1,male
Evgeny,1,male
Павук,1,male
Инсаф,1,male
Ростислав,1,male
Shams,1,male
Антонов,1,male
'minho,1,male
Ss,1,male
Попов,1,male
Parco,1,male
Лёва,1,male
Kirill,1,male
Ник,1,male
Абдула,1,male
Профессор,1,male
Арс,1,male
Ponchik,1,male
Rodion,1,male
Феликс,1,male
Питон,1,male
Азиз,1,male
Закир,1,male
Григи,1,male
Fernand,1,male
Мухриддин,1,male
Рыжий,1,male
Мусааб,1,male
Анатоли-Викторович,1,male
Август,1,male
Кеша,1,male
Bad,1,male
Никола,1,male
Марсик,1,male
Энди,1,male
Lonely,1,male
Расул,1,male
Ден,1,male
Рифнур,1,male
カネキ,1,male
Gregory,1,male
Makar,1,male
Ганьжин,1,male
Дань,1,male
Farid,1,male
Erdem,1,male
Vladimir,1,male
Боря,1,male
Mark,1,male
Begenc,1,male
Фаина,1,male
ミサキ,1,male
Наймушин,1,male
Евгения,1,male
Ильяр,1,male
Narziddinzoda,1,male
Adzipp,1,male
نوع,1,male
Ефим,1,male
Skyoseep,1,male
Деня,1,male
Баграт,1,male
Булат,1,male
怕啥,1,male
Сан-Саныч,1,male
Оликсей,1,male
Шлоссер,1,male
Furai,1,male
Serjo,1,male
Stefan,1,male
ツアラーソング,1,male
Muhamed,1,male
Nezamy,1,male
Илюша,1,male
Azimjon,1,male
Дилмурод,1,male
Robin,1,male
Исмаилов,1,male
Valera,1,male
Лин,1,male
Roma,1,male
Dastan,1,male
Элдос,1,male
Andrei,1,male
Sardor,1,male
Nev,1,male
Юля,1,male
Иванов,1,male
Шурик,1,male
Karim,1,male
Хаса,1,male
Сянда,1,male
Prashant,1,male
Maks,1,male
Ильнар,1,male
Айбек,1,male
Wow,1,male
Эльдар,1,male
Гиха,1,male
Остап,1,male
Ямач,1,male
Телик,1,male
Сейширо,1,male
Ая,1,male
Юсуф,1,male
Шкаф,1,male
Ильсаф,1,male
Winston,1,male
Пип,1,male
Sanjor,1,male
Ставр,1,male
Hemze,1,male
Джалаладдин,1,male
Vitaly,1,male
Вадимка,1,male
Камрон,1,male
Валид,1,male
Быков,1,male
Abdullo,1,male
Ванюша,1,male
Далер,1,male
Hasan,1,male
Леон,1,male
Жека,1,male
Parto,1,male
Гордей,1,male
Дед-Мороз,1,male
Lord,1,male
Исмаил,1,male
Арман,1,male
Хулиган,1,male
Eva,1,male
Арслан,1,male
Iam,1,male
Fiesta,1,male
Mehmet,1,male
Mick,1,male
Амир,1,male
Димас,1,male
Мага,1,male
Isa,1,male
Jeka,1,male
Шукридин,1,male
Рашит,1,male
Alexandr,1,male
Kot,1,male
Эльшан,1,male
Shlok,1,male
June,1,male
Шавкат,1,male
Joker,1,male
月亮的花,1,male
Яромир,1,male
Valentin,1,male
Алдар,1,male
Сёля,1,male
Витёк,1,male
Zayn,1,male
Pav,1,male
Влади,1,male
Черный,1,male
Ramil,1,male
Илюс,1,male
Клим,1,male
Arseniy,1,male
Марс,1,male
Зейнал,1,male
Ерасыл,1,male
Дед,1,male
Ахмед,1,male
Deha,1,male
Емельян,1,male
Morally,1,male
Fidan,1,male
Якуб,1,male
Semen,1,male
Андрюша,1,male
Рамиль,1,male
Альфир,1,male
Екатерина,1,male
Игор,1,male
Ёжик,1,male
Назарий,1,male
Kevin,1,male
Корв,1,male
Kitt,1,male
Vitally,1,male
Владирмир,1,male
Patrick,1,male
Saveliy,1,male
Дазай,1,male
Киря,1,male
Шестнадцатое,1,male
Rozmet,1,male
Витал,1,male
Хоть,1,male
Nutella,1,male
Светлана,1,male
Рати,1,male
Alesha,1,male
Sanya,1,male
Анвар,1,male
Konstantin,1,male
Миктор,1,male
Женька,1,male
Возможно,1,male
トラック,1,male
Милан,1,male
Abba,1,male
Мишка,1,male
Qwert,1,male
Зее,1,male
Ильфат,1,male
Дмитрии,1,male
Джонни,1,male
Эдмунд,1,male
Platon,1,male
Vjsgsajs,1,male
Альгиз,1,male
Димыч,1,male
Алеша,1,male
Юлий,1,male
Роланд,1,male
Санёк,1,male
Xxx',1,male
Anujkumar,1,male
Футбольный,1,male
Chirikow,1,male
Янчуля,1,male
Мальцев,1,male
Wadim,1,male
Maxim,1,male
Theodor,1,male
Minho,1,male
Котик,1,male
Turner,1,male
Daniila,1,male
Настя,1,male
Надир,1,male
Arsen,1,male
Mq,1,male
Лери,1,male
Morten,1,male
Sektor,1,male
I’m,1,male
Sanjar,1,male
Marat,1,male
Карабас,1,male
Трофим,1,male
Dead,1,male
Рустэм,1,male
Альмир,1,male
Дарья,1,male
Ainurka,1,male
Ли,1,male
Михаэль,1,male
Sherboevv,1,male
Эльмир,1,male
Meow,1,male
Раис,1,male
Fitrat,1,male
Анастасия,236,female
Екатерина,173,female
Елена,171,female
Мария,169,female
Татьяна,156,female
Наталья,150,female
Дарья,131,female
Ольга,129,female
Анна,129,female
Юлия,122,female
Ирина,120,female
Марина,107,female
Светлана,105,female
Полина,94,female
Ксения,89,female
Александра,77,female
Елизавета,69,female
Кристина,69,female
Аня,68,female
Людмила,64,female
Алёна,63,female
Настя,61,female
Катя,57,female
Виктория,55,female
Алина,52,female
Евгения,49,female
Арина,49,female
Яна,46,female
Надежда,44,female
Галина,42,female
Вероника,40,female
Даша,39,female
Оксана,38,female
Любовь,37,female
Софья,36,female
Алиса,35,female
Валерия,34,female
Маша,33,female
Лиза,33,female
Соня,32,female
Валентина,32,female
Карина,31,female
Диана,31,female
Вера,31,female
Катерина,31,female
Лена,29,female
Ксюша,28,female
Нина,28,female
Лариса,27,female
Юля,25,female
Оля,25,female
София,22,female
Алена,22,female
Ульяна,21,female
Маргарита,21,female
Таня,21,female
Лера,21,female
Саша,20,female
Вика,20,female
Наталия,19,female
Наташа,17,female
Ангелина,17,female
Варвара,16,female
Света,16,female
Олеся,16,female
Кира,15,female
Лидия,12,female
Варя,11,female
Анжелика,11,female
Эльвира,11,female
Лилия,10,female
Инна,10,female
Тамара,10,female
Ева,10,female
Милана,10,female
Эвелина,9,female
Влада,9,female
Ника,9,female
Анюта,8,female
Антонина,8,female
Зинаида,8,female
Элина,8,female
Дарина,8,female
Надя,8,female
Злата,8,female
Люба,7,female
Алевтина,7,female
Виолетта,7,female
Anna,7,female
Поля,7,female
Лина,7,female
Elena,6,female
Милена,6,female
Танюшка,6,female
Регина,6,female
Жанна,6,female
Альбина,6,female
Polina,6,female
Marina,6,female
Дина,6,female
Женя,5,female
Катюша,5,female
Алсу,5,female
Лиля,5,female
Алла,5,female
Ekaterina,5,female
Olga,5,female
Alina,5,female
Alena,5,female
Sonya,5,female
Катюшка,5,female
Венера,5,female
Алеся,5,female
Алёнка,5,female
Sofia,5,female
Марианна,4,female
Сабина,4,female
Дана,4,female
Настенька,4,female
Диляра,4,female
Альфия,4,female
Мира,4,female
Снежана,4,female
Роза,4,female
Софа,4,female
Daria,4,female
Раиса,4,female
Эмма,4,female
Василиса,4,female
Владислава,4,female
Камилла,4,female
Анжела,4,female
Irina,4,female
Anastasia,4,female
Римма,4,female
Гуля,4,female
No,4,female
Ash,3,female
Анютка,3,female
Руслан,3,female
Машуля,3,female
Lisa,3,female
Julia,3,female
Рената,3,female
Клавдия,3,female
Майя,3,female
Леся,3,female
Гульнара,3,female
Лия,3,female
Мадина,3,female
Ира,3,female
Маришка,3,female
Дизи,3,female
Kseniya,3,female
Эля,3,female
Лада,3,female
Виталина,3,female
Машка,3,female
Оленька,3,female
Яночка,3,female
Любашка,3,female
Zlata,3,female
Diana,3,female
Миланика,3,female
Дария,3,female
Kristina,3,female
Elizaveta,3,female
Иришка,3,female
Vika,3,female
Влад,3,female
Максим,3,female
Dasha,3,female
Александр,3,female
Таисия,3,female
Гульназ,3,female
Yana,3,female
Айгуль,3,female
Ксюшка,3,female
Юленька,3,female
Maria,3,female
Фаина,3,female
Ksenia,3,female
Олечка,3,female
Богдана,2,female
Kawthar,2,female
Лана,2,female
Стелла,2,female
Ираида,2,female
Алечка,2,female
Ксюня,2,female
Yulia,2,female
Natasha,2,female
Валя,2,female
Дания,2,female
Николай,2,female
Ильмира,2,female
Мила,2,female
Yu,2,female
Настёна,2,female
Ани,2,female
Miery,2,female
Леночка,2,female
Aleksandra,2,female
Эльмира,2,female
Lana,2,female
Мия,2,female
Рита,2,female
Эмилия,2,female
Таисья,2,female
Nastenkare,2,female
Элиза,2,female
Vera,2,female
Тая,2,female
Akuma,2,female
Алёночка,2,female
Лида,2,female
Аленушка,2,female
Элли,2,female
Алия,2,female
Anya,2,female
Masha,2,female
Матвей,2,female
Динара,2,female
Eimeri,2,female
Луиза,2,female
Зоя,2,female
Наденька,2,female
Ярослава,2,female
Лейсан,2,female
Юлиана,2,female
Натали,2,female
Karina,2,female
Valeriia,2,female
Sevinch,2,female
Лола,2,female
Heartless,2,female
Лика,2,female
Наташка,2,female
Эльза,2,female
Катенька,2,female
Иван,2,female
Этери,2,female
Nastya,2,female
Надюшка,2,female
Katerina,2,female
Tatyana,2,female
Дмитрий,2,female
Olya,2,female
Люда,2,female
Di,2,female
Оксаночка,2,female
Rose,2,female
Мирослава,2,female
Полинка,2,female
Василина,2,female
Евдокия,2,female
Ася,2,female
Inna,2,female
Люся,2,female
Настюша,2,female
Angelina,2,female
Андрей,2,female
Владимир,2,female
Люция,2,female
Katya,2,female
Вероничка,2,female
Уля,2,female
Настюшка,2,female
Ulyana,2,female
Иванна,2,female
Денис,2,female
Натусик,2,female
Поллианна,2,female
Aliya,2,female
Svetlana,2,female
Арианна,2,female
Илона,2,female
Твоя,1,female
Meow,1,female
Иделия,1,female
死ぬため,1,female
Ri,1,female
Alevtina,1,female
リサ,1,female
Хилола,1,female
Аполя,1,female
Але,1,female
Weock,1,female
Sonechka,1,female
Why,1,female
Mery,1,female
Галя,1,female
Викторова,1,female
Алекс:)александра,1,female
Колбаса,1,female
Rostislav,1,female
Тина,1,female
Таскира,1,female
Танюша,1,female
Алёнчик,1,female
Волкова,1,female
Сильвия,1,female
Olyasha,1,female
Юлдуз,1,female
Париноз,1,female
Лариса-Петровна,1,female
Полечка,1,female
Анюсик,1,female
Белоусова,1,female
Ната,1,female
Агата,1,female
Геля,1,female
Янчик,1,female
Milana,1,female
Аэлита,1,female
Victoriz,1,female
Слава,1,female
Viktoriya,1,female
أبوليناريا,1,female
Гонча,1,female
Tamara,1,female
Гулия,1,female
Sofya,1,female
Милен,1,female
Тата,1,female
Настёнка,1,female
Valerie,1,female
Нинель,1,female
Pain,1,female
Мальвина,1,female
Darina,1,female
Ильвина,1,female
Galina,1,female
Нести,1,female
Антонина-Александровна,1,female
Камила,1,female
Равшан,1,female
Крис,1,female
Катеринка,1,female
Чел,1,female
Vasilina,1,female
恐惧,1,female
Раяна,1,female
Анхимович,1,female
Эллина,1,female
Зарина,1,female
Нечего,1,female
Фая,1,female
Эрика,1,female
Аделия,1,female
Abbasova,1,female
Сядейко,1,female
Леруша,1,female
Min,1,female
Мариша,1,female
Гаяне,1,female
Христина,1,female
Natusik,1,female
Рая,1,female
Гунда,1,female
Мари,1,female
Даниил,1,female
Bello,1,female
Малыгина,1,female
Веечка,1,female
Just,1,female
Ириска,1,female
Сабрина,1,female
Полиночка,1,female
Фурман,1,female
Ксюшечка,1,female
Милка,1,female
Sweet,1,female
Alexandra,1,female
Настик,1,female
Светка,1,female
Thanh,1,female
Olesia,1,female
Chichen,1,female
Elmira,1,female
Светланка,1,female
Nailya,1,female
Верона,1,female
Галия,1,female
Ludmila,1,female
Юния,1,female
Аришка,1,female
よし,1,female
Sveta,1,female
Herrmann,1,female
Луна,1,female
Лумис,1,female
Лизаветка,1,female
Karine,1,female
Alexa,1,female
Vidia,1,female
Сара,1,female
Юми,1,female
Норвежский,1,female
Hell,1,female
해변에서,1,female
Филиппа,1,female
Любимая,1,female
Lianell,1,female
Элла,1,female
Shraddha,1,female
Клара,1,female
Люлька,1,female
Даня,1,female
Инга,1,female
Сева,1,female
Eva,1,female
Санечка,1,female
Уиллоу,1,female
Вера-Иосифовна,1,female
Кристинка,1,female
Люсенька,1,female
Tsn,1,female
Самалини,1,female
Энже,1,female
Myalitsina,1,female
Сана,1,female
Арыя,1,female
Карен,1,female
Svi,1,female
公墓,1,female
Каролина,1,female
Иринка,1,female
Yes,1,female
Софочка,1,female
Кузнецова,1,female
Gheorghe,1,female
Miroslava,1,female
Сонечка,1,female
Настюха,1,female
キラ,1,female
Курбанкиз,1,female
Безчувственная,1,female
Тася,1,female
Олесенька,1,female
Albina,1,female
Маня,1,female
Радка,1,female
Просто,1,female
Vary,1,female
Роксана,1,female
Алекса,1,female
Юляшка,1,female
Аза,1,female
Айганым,1,female
Gunjan,1,female
Damina,1,female
Офелия,1,female
Манка,1,female
Ромашшова,1,female
Ностя,1,female
Олег,1,female
Юлька,1,female
Картюшка,1,female
Mersina,1,female
Ежик,1,female
Винокурова,1,female
Angelus,1,female
Евгеша,1,female
Jie-Qiong,1,female
Елисавета,1,female
Баярма,1,female
Gracie,1,female
Лерочка,1,female
Choygana,1,female
Elina,1,female
Джулия,1,female
가치-없는,1,female
Амелия,1,female
Li,1,female
Liya,1,female
Arina,1,female
Нигина,1,female
리서,1,female
Alla,1,female
Akil,1,female
Новая,1,female
Yara,1,female
Eugene,1,female
Ravilya,1,female
Инесса,1,female
Попова,1,female
Гульсира,1,female
Асия,1,female
Valeria,1,female
Yuri,1,female
Татьянка,1,female
Олька,1,female
Зульфина,1,female
Nightmare,1,female
Иоланта,1,female
Oyuna,1,female
Люси,1,female
بولين,1,female
Hagisa,1,female
د.,1,female
Juliana,1,female
Tanya,1,female
Zhanna,1,female
Мотырева,1,female
Турайна,1,female
Элизабет,1,female
Наиля,1,female
Kanyan,1,female
Капитолина,1,female
Айтурган,1,female
Есения,1,female
Sasha,1,female
Людвиг,1,female
Ann,1,female
Анастасия-Михайловна,1,female
Milisa,1,female
Зарнигор,1,female
Стефания,1,female
Нюра,1,female
Даниела,1,female
Настеныш,1,female
Пан,1,female
Лениза,1,female
Larissa,1,female
Manya,1,female
Хадижат,1,female
Гулнара,1,female
Lyubov,1,female
Михаил,1,female
Elen,1,female
Evil,1,female
Пеша,1,female
Lili,1,female
Dark,1,female
Ильяна,1,female
Тома,1,female
Айгун,1,female
Ksu,1,female
Ада,1,female
Меган,1,female
Ленчик,1,female
Кетеван,1,female
Лиса,1,female
Flower,1,female
Райся,1,female
Мелисса,1,female
Dyydfu,1,female
Ляйсан,1,female
Selene,1,female
Фатима,1,female
Sonchk,1,female
Лизаа,1,female
Jana,1,female
Pallavi,1,female
Lo,1,female
Аполлинария,1,female
Violetta,1,female
Αлина,1,female
Маленький,1,female
Darya,1,female
Веста,1,female
Мелли,1,female
Hande,1,female
Дашуля,1,female
Evgenia,1,female
Кирочка,1,female
Ангелинка,1,female
Инжира,1,female
'chaelitte',1,female
Иоанна,1,female
Неля,1,female
Ликовета,1,female
Rina,1,female
Юйин,1,female
Karrie,1,female
Арбуз,1,female
Strawberry,1,female
Evgeniya,1,female
Юсик,1,female
Карине,1,female
Ангел,1,female
Rufina,1,female
Nsy,1,female
Asli,1,female
Зоечка,1,female
Катрина,1,female
Дашутка,1,female
Натуся,1,female
Tanushka,1,female
Диля,1,female
Нурия,1,female
Млада,1,female
Moon,1,female
Ариночка,1,female
Лизавета,1,female
Патрисия,1,female
Эмина,1,female
Malis,1,female
Катрин,1,female
Аленка,1,female
Ли,1,female
Сашенька,1,female
Альфина,1,female
Anjali,1,female
Zina,1,female
Залина,1,female
Tina,1,female
Ирада,1,female
Vlada,1,female
Ju,1,female
Кирилл,1,female
‘’bimbo,1,female
Your,1,female
Русь,1,female
Snezhana,1,female
Анжелочка,1,female
Машенька,1,female
Yanochka,1,female
Пирогова,1,female
Стю,1,female
Артур,1,female
Алира,1,female
Qw,1,female
驚くべき,1,female
Бебе,1,female
Тальяна,1,female
Dinosaur,1,female
Violet,1,female
‘miller,1,female
Ta,1,female
Прохор,1,female
Евик,1,female
Малика,1,female
Никита,1,female
Рузана,1,female
Raduga,1,female
Фания,1,female
نايك,1,female
Неизвесный,1,female
Sofa,1,female
Ксюха,1,female
Любочка,1,female
Regina,1,female
Сережа,1,female
Helen,1,female
Chanzhuang,1,female
Ewa,1,female
Дани,1,female
Mishka,1,female
Annariel,1,female
Викуся,1,female
Emma,1,female
Даяна,1,female
Данил,1,female
Alanis,1,female
Машечка,1,female
Феня,1,female
Халида,1,female
Азизочка,1,female
Магдалина,1,female
Ярославна,1,female
Лизочка,1,female
Unna,1,female
Гульдар,1,female
Октябрина,1,female
Вилфи,1,female
Billy,1,female
Наська,1,female
バイオレット,1,female
Нинуля,1,female
Розалия,1,female
Галина-Геннадьевна,1,female
Мадиночка,1,female
Ритсу,1,female
Гузаля,1,female
Ариша,1,female
Irkine,1,female
Гурова,1,female
Любава,1,female
Илья,1,female
Катюнечка,1,female
Agnia,1,female
Olyusha,1,female
Лолита,1,female
Карнюк,1,female
Женечка,1,female
Ленуся,1,female
Maya,1,female
Qwe,1,female
Ирина',1,female
Nairath,1,female
Иришенька,1,female
Дара,1,female
Wildberries,1,female
Рейна,1,female
Сали,1,female
Лусия,1,female
Sabina,1,female
Bringet,1,female
Норжима,1,female
Marishka,1,female
Радуга,1,female
Гульфира,1,female
Резида,1,female
Nadia,1,female
Людвик,1,female
Яя,1,female
Полишка,1,female
Альмира,1,female
Anastassia,1,female
Сонька,1,female
Зоряна,1,female
Юлечка,1,female
Sabrina,1,female
Кацуки,1,female
クシュシャ,1,female
